video_id,video_name,url
1,How To End Poverty in 15 years' Hans Rosling - BBC News,https://www.youtube.com/watch?v=5JiYcV_mg6A
2,Colorado is Not a Rectangle Why is Colorado Not a Simple Shape With 4 Sides?,https://www.youtube.com/watch?v=JHrqyH6B9yE
4,2018年世界各国下水军舰总吨位排名！看看中国海军排第几？,https://www.douyin.com/video/6743146016180047116
5,全球企业研发投入，看有多少家中国企业,https://v.douyin.com/JTPK6cq/
6,猪肉消费，你贡献了多少？,https://v.douyin.com/JTP5Bpc/
8,350.org: Because the world needs to know,https://www.youtube.com/watch?v=s5kg1oOq9tY
11,99% v 1%: The Data Behind the Occupy Movement.,https://www.youtube.com/watch?v=DxvVZe2fnvI
13,A Skeptical Look at Climate Science,https://www.youtube.com/watch?v=R7FAAfK78_M
15,A network of science: 150 years of Nature papers,https://www.youtube.com/watch?v=GW4s58u8PZo
17,"All student debt in the US, visualized",https://www.youtube.com/watch?v=NXHwelwmQPA
18,All the Medalists: Men's 100-Meter Freestyle,https://www.youtube.com/watch?v=VWAkhFJm7Q0
19,All the Medalists: Men's Long Jump,https://www.youtube.com/watch?v=a3LzKoMKjjk
21,Americans Dodge $660 Billion in Taxes Each Year And It's Probably Getting Worse,https://www.youtube.com/watch?v=ZxXOyYSHcfE
23,Baseball's Mike Trout is a god of WAR l FiveThirtyEight,https://www.youtube.com/watch?v=0mnm7rqH-L0
24,"Big questions about the Covid booster shot, answered",https://www.youtube.com/watch?v=qXdjt8ZBQbE
26,Can We Still Trust Polls?,https://www.youtube.com/watch?v=jHgZzIRhezo
27,Can we get rid of Covid-19 forever?,https://www.youtube.com/watch?v=34oI0yd5YUc
28,Charting culture,https://www.youtube.com/watch?v=4gIhRkCcD4U
39,Dewi and Putri: How Inequality Separates Two Girls from Indonesia,https://www.youtube.com/watch?v=a0wHffQi4xo
41,Do Americans trust the police?,https://www.youtube.com/watch?v=Jj9vD7cKUhE
42,Do Americans trust their elections?,https://www.youtube.com/watch?v=n58iQN3MbSU
45,Does this line predict America??s next recession? | The Economist,https://www.youtube.com/watch?v=oW4hfaiXKG8
51,Eisenhower's Warning: Military Industrial Complex's Growing Budget | Think Back | The New York Times,https://www.youtube.com/watch?v=9QXjBVC233s
53,Estimating Deaths in a Nuclear War,https://www.youtube.com/watch?v=bIAF7kBbGKk
54,Estimating Europe's unauthorized immigrant population,https://www.youtube.com/watch?v=BW6q4XUn9VI
62,Global Air Traffic-Animated Infographic,https://www.youtube.com/watch?v=OsPlhwA-ick
66,Has migration gone too far? | The Economist,https://www.youtube.com/watch?v=xt-e8JQZmqw
68,Heart Disease Facts PSA Video,https://digitalsplashmedia.com/2014/04/heart-disease-facts-psa-video/
72,"How America can leave fossil fuels behind, in one chart | 2020 Election",https://www.youtube.com/watch?v=QfAXbGInwno
76,How IKEA Became Sweden\u2019s National Brand,https://www.youtube.com/watch?v=AABqfDIbXSI
77,How India ran out of oxygen,https://www.youtube.com/watch?v=SZ8HlNGMolw
80,How Somalia's Pirates Make Money,https://www.youtube.com/watch?v=dZh0B8AYxac
81,"How Taiwan held off Covid-19, until it didn't",https://www.youtube.com/watch?v=0fhaEIlGux4
83,How The Stock Exchange Works,https://www.youtube.com/watch?v=F3QpgXBtDeo
86,How do Americans view economic inequality?,https://www.youtube.com/watch?v=ubKBuoK30j0
89,How polarizing is Donald Trump?,https://www.youtube.com/watch?v=UhZSTfJbZXU
90,How rich countries are making the pandemic last longer,https://www.youtube.com/watch?v=2ty2J0s2W0c
91,How the rich avoid paying taxes,https://www.youtube.com/watch?v=t6V9i8fFADI
96,Human History in Numbers - a 3-D Motion Graphic,https://www.youtube.com/watch?v=Non00xGvLXs
97,IRAQ WAR - HOW THE US MILITARY ADAPTED TO THREATS - BBC NEWS,https://www.youtube.com/watch?v=3WSQI7aVIgo
99,"In the age of COVID-19, do Americans trust science?",https://www.youtube.com/watch?v=H9L37cPVSqo
100,India election 2019: Are women any safer? - BBC News,https://www.youtube.com/watch?v=TLEAY9ih6dM
102,Inequality: how wealth is distributed in the UK - animated video,https://www.theguardian.com/commentisfree/video/2013/oct/08/inequality-how-wealth-distributed-uk-animated-video
105,Ireland's Great Wealth Divide poll | RTÉ One,https://www.youtube.com/watch?v=y0GlC6f8NJ0
107,Is America More Divided Than Ever?,https://www.youtube.com/watch?v=JRa5l_LQ32s
110,Is War Over? A Paradox Explained,https://www.youtube.com/watch?v=NbuUW9i-mHs
112,Is the number of unauthorized immigrants living in the U.S. declining?,https://www.youtube.com/watch?v=dmiqQmjgozo
115,KOREAN WAR: EFFECTS OF ARMISTICE 60 YEARS ON - BBC NEWS,https://www.youtube.com/watch?v=5ecjtfYIxvE
123,Off by Trillions: The Reality of our Pension Problem (Pension Pursuit),https://www.youtube.com/watch?v=_8KlJgaS42U
131,Political Polarization,https://www.youtube.com/watch?v=9k0WsU7cmtQ
142,Simulation of a Nuclear Blast in a Major City,https://www.youtube.com/watch?v=Z3RzNEzJyzo
146,Teaching in the US vs. the rest of the world,https://www.youtube.com/watch?v=wFqQm1541aA
165,The Rise of Online Video,https://www.youtube.com/watch?v=mGgBY3yBpYY
166,The Rise of the Machines-Why Automation is Different this Time,https://www.youtube.com/watch?v=WSKi8HfcxEk
175,The World??s Largest 10 Economies in 2030,https://www.youtube.com/watch?v=L5v9jt4__ho
181,The secrets of the earth's lights,https://www.bilibili.com/video/BV1Er4y1c75V
197,Vaccine side effects are actually a good thing,https://www.youtube.com/watch?v=F6NKbQzo4aE
200,WORLD THROUGH THE EYES OF WOMEN - DATA VISUALISATION - BBC NEWS,https://www.youtube.com/watch?v=lM3bLfbeqB4
219,Why African-Americans left the south in droves and what's bringing them back,https://www.youtube.com/watch?v=VCdTyl141bA
223,Why In-N-Out Isn\'t Coming to a City Near You,https://www.youtube.com/watch?v=xfQBkdLa6fo
228,Why beef is the worst food for the climate,https://www.youtube.com/watch?v=3lrJYTsKdUM
231,Why is America so politically divided? - BBC News,https://www.youtube.com/watch?v=yOocxd9qGHA
236,Why so many Covid-19 variants are showing up now,https://www.youtube.com/watch?v=Ha6yUxze1vk
239,Why you can't compare Covid-19 vaccines,https://www.youtube.com/watch?v=K3odScka55A
242,World Cup of Security Infographic | GFI WebMonitor,https://www.youtube.com/watch?v=bTCOMehIGg4
246,一条曲线演绎了历史人口的变迁,https://v.douyin.com/JwUvKJM/
249,看完这组数据，你拖后腿了吗？,https://www.douyin.com/video/6881569292916133134
250,你知道中国几十年的安宁得来多么不易吗？一张全球恐怖主义数据地图告诉你真相,https://www.bilibili.com/video/BV1yv411k7Rq
251,这都是古人智慧的结晶,https://v.douyin.com/JwU4x6M/
252,全球各国茶叶产量排行榜TOP20，你知道哪个国家的人最爱喝茶吗？,https://v.douyin.com/JwUma5w/
253,会飞的房子，想尝试一下吗？,https://www.douyin.com/video/6880447696436546830
256,你在哪里工作？盘点员工最多的公司,https://v.douyin.com/JwUHHfV/
258,陆地上哪种动物的数量最庞大？你猜对了吗？,https://www.douyin.com/video/6834802345260502275
259,"AI art, explained",https://youtu.be/SVcsDDABEkM
260,Do tax cuts stimulate the economy? - Jonathan Smith,https://youtu.be/wCLP3djiKvM
261,How America's richest donate their money,https://youtu.be/uyVCneA_e3o
262,How China's Firewater Became the World's Most Valuable Liquor Brand,https://youtu.be/RRCbL7hte7c
263,How the triplet flow took over rap,https://youtu.be/3la8bsi4P-c
264,The Brexit effect: how leaving the EU hit the UK | FT Film,https://youtu.be/wO2lWmgEK1Y
265,The Clutch GOAT...(it's not who you think).,https://youtu.be/qjjW1l9KjXQ
266,The diet that helps fight climate change,https://www.youtube.com/watch?v=nUnJQWO4YJY
267,The World is Teaching America How to Play Basketball ?C Data Analysis,https://youtu.be/VU30jvjLpcA
268,This $9B Chinese Restaurant Chain Wants to Conquer the U.S. | WSJ The Economics Of,https://youtu.be/0jci98uOrWQ
269,Why China is winning the EV war,https://youtu.be/rkxMdmipYqM
270,Why does climate change make wildfires worse?,https://www.youtube.com/watch?v=mypEs1SBAUg
271,Why eating healthy is so expensive in America,https://youtu.be/HOE5QDDKDlY
272,Why roller coaster loops aren't circular,https://youtu.be/3Kzl2suBE2w
273,Why So Many Luxury Apartments Are Popping Up In The U.S.,https://youtu.be/bmjde13aGeg
274,Why the dyslexic brain is misunderstood,https://youtu.be/yH5Ds4_0lO8
275,"Why the US is always hitting a ""debt ceiling""",https://youtu.be/orakE9t1tpo
276,"World Cup penalty kicks, tracked",https://youtu.be/HAuwPue57Vs
277,为了治理黄河，我们经历了什么？,https://www.xinpianchang.com/a12453678?kw=%E5%B9%BF%E8%A5%BF%E6%B0%91%E6%97%8F%E5%8D%9A%E7%89%A9%E9%A6%86
278,為了找到最好喝的可樂，我請1000人喝了冰可樂...,https://youtu.be/ic2qcE1gyTQ
279,這個按鈕不重要。 iPhone 16 Pro深度體驗,https://youtu.be/kzDPHcTnD4Y
280,How did The Silk Road Actually Work?,https://www.youtube.com/watch?v=J-pfeFbssMw
281,Canada's Population Characteristics,https://www.youtube.com/watch?v=b6hvKOgxcOg
282,Population of the USAWhy 80% of Americans Live East of This Line?,https://www.youtube.com/watch?v=p5DfhG_DKSk
283,The Vanishing of Flight 370,https://www.youtube.com/watch?v=kd2KEHvK-q8
284,"India, China, and the Maritime Silk Road: More Than Just a Trade Route",https://www.youtube.com/watch?v=BrVDcWFp4yc
285,A Short History of the English Language,https://www.youtube.com/watch?v=iSSTv8-2358
286,Why Finland Joining NATO Checkmates Russia,https://www.youtube.com/watch?v=si9Phc9ArpU
287,Documentary Explainer video VOX style,https://www.youtube.com/watch?v=eKfbONB-Oes
288,Earth's REAL Lost Continents,https://www.youtube.com/watch?v=NmFUFnMj5Jw
289,Why Russia's Biggest Threat is Actually China,https://www.youtube.com/watch?v=libs7buNwxQ
290,The Logistics of German Reunification,https://www.youtube.com/watch?v=E5aGyiTCxDA
291,Why 82% of Mexico is Empty,https://www.youtube.com/watch?v=YzgMePQvSdc
292,Why Texas is Becoming America's Most Powerful State,https://www.youtube.com/watch?v=WBYu7tR7DHg
293,Why Kazakhstan is Insanely Empty,https://www.youtube.com/watch?v=cIGyOL_UwNO
294,"Suez Crisis (All Parts): Causes, Conflict and Global Repercussions",https://www.youtube.com/watch?v=ILvqZ1ufLwk
295,Yom Kippur War 1973 - Sinai Front DOCUMENTARY,https://www.youtube.com/watch?v=82-ImGuTI_I
296,The largest animal migration on Earth,https://www.youtube.com/watch?v=RlWDsKrBqmE
297,So where's that student debt relief?,https://www.youtube.com/watch?v=4uXJHO-5tLs
298,Why blackface is still part of Dutch holidays,https://www.youtube.com/watch?v=TDA4HbuEcxM
299,"The surprising reason we call each other ""guys""",https://www.youtube.com/watch?v=eUvBuD5MjrQ
300,"Every 2022 World Cup penalty shootout, tracked",https://www.youtube.com/watch?v=RcPDE7OhbNw
